id,citekey,title,authors,year,venue,venue_type,quartile_or_rank,doi,url,theme,open_access,pdf_path,task_type,datasets_scenario,application_domain,method_summary,advantages,limitations,does_not_solve,future_work,relevance_to_thesis,read_status
1,xue2016survey,A Survey on Evolutionary Computation Approaches to Feature Selection,"Xue, Bing; Zhang, Mengjie; Browne, Will N.; Yao, Xin",2016,"IEEE Transactions on Evolutionary Computation, 20(4), 606-626",journal,Q1 (SJR & JCR),10.1109/TEVC.2015.2504420,https://doi.org/10.1109/TEVC.2015.2504420,01-surveys-background,"yes (hybrid, CC-BY); published IEEE version",literature/papers/01-surveys-background/2016_Xue_EC-FS-Survey.pdf,,,,,,,,,,to-read
2,guyon2003introduction,An Introduction to Variable and Feature Selection,"Guyon, Isabelle; Elisseeff, André",2003,"Journal of Machine Learning Research, 3, 1157-1182",journal,Q1 (SJR & JCR),,https://www.jmlr.org/papers/v3/guyon03a.html,01-surveys-background,"yes (gold, JMLR free access)",literature/papers/01-surveys-background/2003_Guyon_Intro-Variable-FS.pdf,,,,,,,,,,to-read
3,mei2023explainable,Explainable Artificial Intelligence by Genetic Programming: A Survey,"Mei, Yi; Chen, Qi; Lensen, Andrew; Xue, Bing; Zhang, Mengjie",2023,"IEEE Transactions on Evolutionary Computation, 27(3), 621-641",journal,Q1 (SJR & JCR),10.1109/TEVC.2022.3225509,https://doi.org/10.1109/TEVC.2022.3225509,01-surveys-background,"yes (green, accepted manuscript CC BY-NC-ND, Victoria Univ. of Wellington)",literature/papers/01-surveys-background/2023_Mei_XAI-by-GP-Survey.pdf,,,,,,,,,,to-read
4,zhou2025roadmap,Evolutionary Computation and Explainable AI: A Roadmap to Understandable Intelligent Systems,"Zhou, Ryan; Bacardit, Jaume; Brownlee, Alexander E. I.; Cagnoni, Stefano; Fyvie, Martin; Iacca, Giovanni; McCall, John; van Stein, Niki; Walker, David; Hu, Ting",2025,"IEEE Transactions on Evolutionary Computation, 29(5), 2213-2228",journal,Q1 (SJR & JCR),10.1109/TEVC.2024.3476443,https://doi.org/10.1109/TEVC.2024.3476443,01-surveys-background,"yes (green, arXiv:2406.07811); published IEEE version",literature/papers/01-surveys-background/2025_Zhou_EC-XAI-Roadmap.pdf,,,,,,,,,,to-read
5,rodrigues2024slug,Exploring SLUG: Feature Selection Using Genetic Algorithms and Genetic Programming,"Rodrigues, Nuno M.; Batista, João E.; La Cava, William; Vanneschi, Leonardo; Silva, Sara",2024,"SN Computer Science, 5(1), article 91",journal,Q2 (SJR) / Emerging (ESCI),10.1007/s42979-023-02106-3,https://doi.org/10.1007/s42979-023-02106-3,02-gp-ga-feature-selection,"yes (hybrid, CC-BY published version)",literature/papers/02-gp-ga-feature-selection/2024_Rodrigues_SLUG.pdf,,,,,,,,,,to-read
6,mweshi2019feature,Feature Selection using Genetic Programming,"Mweshi, George",2019,"Zambia ICT Journal, 3(2), 11-18",journal,Unranked (not indexed in Scopus/WoS),10.33260/zictjournal.v3i2.62,https://doi.org/10.33260/zictjournal.v3i2.62,02-gp-ga-feature-selection,"yes (gold, published version)",literature/papers/02-gp-ga-feature-selection/2019_Mweshi_FS-using-GP.pdf,,,,,,,,,,to-read
7,chen2017feature,Feature Selection to Improve Generalization of Genetic Programming for High-Dimensional Symbolic Regression,"Chen, Qi; Zhang, Mengjie; Xue, Bing",2017,"IEEE Transactions on Evolutionary Computation, 21(5), 792-806",journal,Q1 (SJR & JCR),10.1109/TEVC.2017.2683489,https://doi.org/10.1109/TEVC.2017.2683489,02-gp-ga-feature-selection,"yes (green, accepted manuscript CC BY-NC-ND, Victoria Univ. of Wellington)",literature/papers/02-gp-ga-feature-selection/2017_Chen_FS-Generalization-GPSR.pdf,,,,,,,,,,to-read
8,muni2006genetic,Genetic Programming for Simultaneous Feature Selection and Classifier Design,"Muni, Durga Prasad; Pal, Nikhil R.; Das, Jyotirmay",2006,"IEEE Transactions on Systems, Man, and Cybernetics, Part B (Cybernetics), 36(1), 106-117",journal,"Q1 (SJR & JCR; succeeded by IEEE Trans. Cybernetics, also Q1)",10.1109/TSMCB.2005.854499,https://doi.org/10.1109/TSMCB.2005.854499,02-gp-ga-feature-selection,no (paywalled; obtained via U.Porto institutional access),literature/papers/02-gp-ga-feature-selection/2006_Muni_GP-Simultaneous-FS-Classifier.pdf,,,,,,,,,,to-read
9,liu2022feature,A Feature Selection Method with Feature Ranking Using Genetic Programming,"Liu, Guopeng; Ma, Jianbin; Hu, Tongle; Gao, Xiaoying",2022,"Connection Science, 34(1), 1146-1168",journal,Q2 (SJR & JCR),10.1080/09540091.2022.2049702,https://doi.org/10.1080/09540091.2022.2049702,02-gp-ga-feature-selection,"yes (gold, CC-BY)",literature/papers/02-gp-ga-feature-selection/2022_Liu_FS-Feature-Ranking-GP.pdf,,,,,,,,,,to-read
10,lundberg2017unified,A Unified Approach to Interpreting Model Predictions,"Lundberg, Scott M.; Lee, Su-In",2017,Advances in Neural Information Processing Systems 30 (NeurIPS 2017),conference,CORE A*,,https://papers.nips.cc/paper_files/paper/2017/hash/8a20a8621978632d76c43dfd28b67767-Abstract.html,03-xai-shap-lime,"yes (gold, NeurIPS proceedings free; arXiv:1705.07874)",literature/papers/03-xai-shap-lime/2017_Lundberg_SHAP.pdf,,,,,,,,,,to-read
11,ribeiro2016why,"""Why Should I Trust You?"": Explaining the Predictions of Any Classifier","Ribeiro, Marco Tulio; Singh, Sameer; Guestrin, Carlos",2016,"Proceedings of the 22nd ACM SIGKDD International Conference on Knowledge Discovery and Data Mining (KDD '16), 1135-1144",conference,CORE A*,10.1145/2939672.2939778,https://doi.org/10.1145/2939672.2939778,03-xai-shap-lime,"yes (green, arXiv:1602.04938; ACM version paywalled)",literature/papers/03-xai-shap-lime/2016_Ribeiro_LIME.pdf,,,,,,,,,,to-read
12,marcilio2020explanations,From Explanations to Feature Selection: Assessing SHAP Values as Feature Selection Mechanism,"Marcílio-Jr, Wilson E.; Eler, Danilo M.",2020,"2020 33rd SIBGRAPI Conference on Graphics, Patterns and Images (SIBGRAPI), 340-347",conference,CORE B,10.1109/SIBGRAPI51738.2020.00053,https://doi.org/10.1109/SIBGRAPI51738.2020.00053,03-xai-shap-lime,no (paywalled; obtained via U.Porto institutional access),literature/papers/03-xai-shap-lime/2020_Marcilio_SHAP-as-FS.pdf,,,,,,,,,,to-read
13,verhaeghe2023powershap,Powershap: A Power-Full Shapley Feature Selection Method,"Verhaeghe, Jarne; Van Der Donckt, Jeroen; Ongenae, Femke; Van Hoecke, Sofie",2023,"Machine Learning and Knowledge Discovery in Databases (ECML PKDD 2022), LNCS, Springer, 71-87",conference,CORE A,10.1007/978-3-031-26387-3_5,https://doi.org/10.1007/978-3-031-26387-3_5,03-xai-shap-lime,"yes (hybrid, CC-BY published version)",literature/papers/03-xai-shap-lime/2023_Verhaeghe_Powershap.pdf,,,,,,,,,,to-read
14,wang2025improving,Improving Generalization of Genetic Programming for High-Dimensional Symbolic Regression with Shapley Value Based Feature Selection,"Wang, Chunyu; Chen, Qi; Xue, Bing; Zhang, Mengjie",2025,"Data Science and Engineering, 10(2), 196-211",journal,Q1 (SJR & JCR),10.1007/s41019-024-00270-x,https://doi.org/10.1007/s41019-024-00270-x,04-gp-with-xai,"yes (gold, CC-BY published version)",literature/papers/04-gp-with-xai/2025_Wang_GP-Shapley-FS.pdf,regression,"10 high-dimensional regression datasets (2 synthetic, 8 real-world)",,"two-stage: GP runs + Shapley values rank features, keep top log2(D), then standard GPSR","better generalization than standard GP and other GP-FS methods on most datasets, more compact models","higher computational cost (Shapley computation), separate stage rather than integrated",,"integrate Shapley into the evolutionary process, cheaper surrogate models, extend to classification",,to-read
